{
  "scenario": "caseA1",
  "status": "ok",
  "npz_path": "/home/changhong/prj/finn_cli_fork/scripts/DATELBR/output_compare_sameinit_pinv_analytic_progressive_bp_lr1e3_rerun/_tmp_caseA1_data/real_caseA1.npz",
  "train_samples": 350,
  "val_samples": 75,
  "test_samples": 75,
  "batch_size_used": 350,
  "init_train_mae_mean": 0.3141028881072998,
  "init_val_mae_mean": 0.3252781629562378,
  "init_test_mae_mean": 0.31411516666412354,
  "init_val_mae_A1": 0.5966485738754272,
  "init_val_mae_A3": 0.14874453842639923,
  "init_val_mae_A5": 0.2604787349700928,
  "init_val_mae_A7": 0.2952408790588379,
  "reg_best_val_mae_mean": 0.22495379857718945,
  "reg_best_epoch": 30,
  "bp_best_val_mae_mean": 0.3252781629562378,
  "bp_best_epoch": 0,
  "reg_best_first10": 0.23743043653666973,
  "bp_best_first10": 0.3252781629562378,
  "reg_best_first20": 0.23743043653666973,
  "bp_best_first20": 0.3252781629562378,
  "threshold_1p1xminbest": 0.2474491784349084,
  "reg_epoch_reach_thr": 2,
  "bp_epoch_reach_thr": null,
  "curve_png": "/home/changhong/prj/finn_cli_fork/scripts/DATELBR/output_compare_sameinit_pinv_analytic_progressive_bp_lr1e3_rerun/val_compare_reg_vs_bp_caseA1.png",
  "curve_yscale": "log",
  "reg_method": "analytic_progressive",
  "used_pinv_warm_start": true,
  "bp_lr_used": 0.001,
  "reg_epoch1_val_mae": 0.2562732193619013,
  "bp_epoch1_val_mae": 0.7274127006530762,
  "reg_epoch1_val_mae_A1": 0.5814273953437805,
  "bp_epoch1_val_mae_A1": 1.4849330186843872,
  "reg_epoch1_val_mae_A3": 0.15127258002758026,
  "bp_epoch1_val_mae_A3": 0.5077869892120361,
  "reg_epoch1_val_mae_A5": 0.11256162077188492,
  "bp_epoch1_val_mae_A5": 0.721688449382782,
  "reg_epoch1_val_mae_A7": 0.17983128130435944,
  "bp_epoch1_val_mae_A7": 0.19524240493774414,
  "history_json": "/home/changhong/prj/finn_cli_fork/scripts/DATELBR/output_compare_sameinit_pinv_analytic_progressive_bp_lr1e3_rerun/history_compare_caseA1.json"
}