{
  "harmonics": [
    "1",
    "3",
    "5",
    "7"
  ],
  "method_labels": {
    "single_cycle_fft": "1-cycle FFT",
    "pre_finetune": "Pre-finetune",
    "bp_finetuned": "BP finetuned",
    "closed_form_finetuned": "Closed-form finetuned"
  },
  "scenario_order": [
    "v2g",
    "g2v",
    "g2b",
    "b2g",
    "caseA1"
  ],
  "aggregated_mean": {
    "single_cycle_fft": {
      "A1": 0.13966426959531192,
      "A3": 0.15448238628121672,
      "A5": 0.15608631986661656,
      "A7": 0.15044376489732214
    },
    "pre_finetune": {
      "A1": 0.3050928734242916,
      "A3": 0.037925013131462036,
      "A5": 0.060251735337078574,
      "A7": 0.06907505476847291
    },
    "bp_finetuned": {
      "A1": 0.13277585697360336,
      "A3": 0.0332755884854123,
      "A5": 0.055358206015080215,
      "A7": 0.06461581795010715
    },
    "closed_form_finetuned": {
      "A1": 0.1282559814862907,
      "A3": 0.03327474095858633,
      "A5": 0.023957020509988068,
      "A7": 0.021190419630147516
    }
  },
  "aggregated_std": {
    "single_cycle_fft": {
      "A1": 0.1842240112298844,
      "A3": 0.22519731980072127,
      "A5": 0.2290487919742692,
      "A7": 0.1941499936197757
    },
    "pre_finetune": {
      "A1": 0.239482343646158,
      "A3": 0.056053314708023834,
      "A5": 0.10028024892310704,
      "A7": 0.1131697343126778
    },
    "bp_finetuned": {
      "A1": 0.23226985666614577,
      "A3": 0.057802696484755584,
      "A5": 0.10260683652166333,
      "A7": 0.11545050506953422
    },
    "closed_form_finetuned": {
      "A1": 0.2201677776345827,
      "A3": 0.05649139912507471,
      "A5": 0.04103595961775958,
      "A7": 0.02991925534637288
    }
  },
  "per_scenario": {
    "v2g": {
      "single_cycle_fft": {
        "A1": 0.09504668676528497,
        "A3": 0.07548305122750333,
        "A5": 0.07305312205608257,
        "A7": 0.09332198589807798
      },
      "pre_finetune": {
        "A1": 0.24283656477928162,
        "A3": 0.013900098390877247,
        "A5": 0.01852296106517315,
        "A7": 0.016711905598640442
      },
      "bp_finetuned": {
        "A1": 0.032494183629751205,
        "A3": 0.008918200619518757,
        "A5": 0.005217653699219227,
        "A7": 0.008711318485438824
      },
      "closed_form_finetuned": {
        "A1": 0.03239581733942032,
        "A3": 0.009019698016345501,
        "A5": 0.006716908421367407,
        "A7": 0.009344137273728848
      }
    },
    "g2v": {
      "single_cycle_fft": {
        "A1": 0.0844758292713913,
        "A3": 0.08621407967895324,
        "A5": 0.08386343823527978,
        "A7": 0.107034092900122
      },
      "pre_finetune": {
        "A1": 0.5753633379936218,
        "A3": 0.024057794362306595,
        "A5": 0.014086246490478516,
        "A7": 0.01817331835627556
      },
      "bp_finetuned": {
        "A1": 0.028819503262639046,
        "A3": 0.005767249967902899,
        "A5": 0.009238561615347862,
        "A7": 0.016543757170438766
      },
      "closed_form_finetuned": {
        "A1": 0.03628261387348175,
        "A3": 0.00852828100323677,
        "A5": 0.005087832920253277,
        "A7": 0.014204299077391624
      }
    },
    "g2b": {
      "single_cycle_fft": {
        "A1": 0.010093703927483348,
        "A3": 0.005705875848654298,
        "A5": 0.004695354925335736,
        "A7": 0.009268766403644556
      },
      "pre_finetune": {
        "A1": 0.06016826629638672,
        "A3": 0.001781271304935217,
        "A5": 0.0020947102457284927,
        "A7": 0.007009273860603571
      },
      "bp_finetuned": {
        "A1": 0.002723436336964369,
        "A3": 0.001428430201485753,
        "A5": 0.000911420676857233,
        "A7": 0.0011932846391573548
      },
      "closed_form_finetuned": {
        "A1": 0.00262871733866632,
        "A3": 0.001331415493041277,
        "A5": 0.0010691044153645635,
        "A7": 0.001177339581772685
      }
    },
    "b2g": {
      "single_cycle_fft": {
        "A1": 0.007815956493316165,
        "A3": 0.005256932855121599,
        "A5": 0.009184376970477389,
        "A7": 0.012277281133936337
      },
      "pre_finetune": {
        "A1": 0.050447624176740646,
        "A3": 0.0011413631727918983,
        "A5": 0.006076023913919926,
        "A7": 0.008239896968007088
      },
      "bp_finetuned": {
        "A1": 0.003193587763234973,
        "A3": 0.0015195232117548585,
        "A5": 0.0009446591138839722,
        "A7": 0.0013898503966629505
      },
      "closed_form_finetuned": {
        "A1": 0.002311711898073554,
        "A3": 0.0014308781828731298,
        "A5": 0.0010042710928246379,
        "A7": 0.0010425926884636283
      }
    },
    "caseA1": {
      "single_cycle_fft": {
        "A1": 0.5008891715190839,
        "A3": 0.599751991795851,
        "A5": 0.6096353071459073,
        "A7": 0.5303166981508298
      },
      "pre_finetune": {
        "A1": 0.5966485738754272,
        "A3": 0.14874453842639923,
        "A5": 0.2604787349700928,
        "A7": 0.2952408790588379
      },
      "bp_finetuned": {
        "A1": 0.5966485738754272,
        "A3": 0.14874453842639923,
        "A5": 0.2604787349700928,
        "A7": 0.2952408790588379
      },
      "closed_form_finetuned": {
        "A1": 0.5676610469818115,
        "A3": 0.146063432097435,
        "A5": 0.10590698570013046,
        "A7": 0.0801837295293808
      }
    }
  }
}