{
  "step_qonnx_to_finn": 0.07996582984924316,
  "step_tidy_up": 0.014005899429321289,
  "step_streamline": 0.387404203414917,
  "step_convert_to_hw": 0.00533294677734375,
  "step_create_dataflow_partition": 0.0026683807373046875,
  "step_specialize_layers": 0.0040988922119140625,
  "step_target_fps_parallelization": 3.0994415283203125e-06,
  "step_apply_folding_config": 0.0012180805206298828,
  "step_minimize_bit_width": 0.010868072509765625,
  "step_generate_estimate_reports": 0.009864330291748047,
  "step_hw_codegen": 0.0340886116027832,
  "step_hw_ipgen": 144.85527300834656,
  "step_set_fifo_depths": 26.865556240081787,
  "step_create_stitched_ip": 21.26179003715515,
  "step_measure_rtlsim_performance": 5.720666408538818,
  "step_out_of_context_synthesis": 225.62092208862305,
  "step_synthesize_bitfile": 4.291534423828125e-06,
  "step_make_driver": 8.416175842285156e-05,
  "step_deployment_package": 2.384185791015625e-06
}